INSERT INTO 
  `cities` 
    (`id`, `name`) 
  VALUES
    (1, 'Delhi'),
    (2, 'Mumbai'),
    (3, 'Bengaluru'),
    (4, 'Hyderabad');

INSERT INTO 
  `properties` 
    (`id`, `city_id`, `name`, `address`, `description`, `gender`, `rent`, `rating_clean`, `rating_food`, `rating_safety`) 
  VALUES
    (1, 1, 'Saxena\'s Paying Guest', 'H.No. 3958 Kaseru Walan, Pahar Ganj, New Delhi, Delhi 110055', 'Furnished studio apartment - share it with close friends! Located in posh area of Bijwasan in Delhi, this house is available for both boys and girls. Go for a private room or opt for a shared one and make it your own abode. Go out with your new friends - catch a movie at the nearest cinema hall or just chill in a cafe which is not even 2 kms away. Unwind with your flatmates after a long day at work/college. With a common living area and a shared kitchen, make your own FRIENDS moments. After all, there\'s always a Joey with unlimited supply of food. Remember, all it needs is one crazy story to convert a roomie into a BFF. What\'s nearby/Your New Neighborhood 4.0 Kms from Dwarka Sector- 21 Metro Station.', 'male', 5000, 4.3, 3.4, 4.8),
    (2, 1, 'Navrang PG Home', '644-C,Mohalla Baoli 6 Tooti Chowk, Paharganj, New Delhi, Delhi 110055', 'Furnished studio apartment - share it with close friends! Located in posh area of Bijwasan in Delhi, this house is available for both boys and girls. Go for a private room or opt for a shared one and make it your own abode. Go out with your new friends - catch a movie at the nearest cinema hall or just chill in a cafe which is not even 2 kms away. Unwind with your flatmates after a long day at work/college. With a common living area and a shared kitchen, make your own FRIENDS moments. After all, there\'s always a Joey with unlimited supply of food. Remember, all it needs is one crazy story to convert a roomie into a BFF. What\'s nearby/Your New Neighborhood 4.0 Kms from Dwarka Sector- 21 Metro Station.', 'unisex', 6000, 2.9, 3.4, 3.8),
    (3, 2, 'Navkar Paying Guest', '44, Juhu Scheme, Juhu, Mumbai, Maharashtra 400058', 'Furnished studio apartment - share it with close friends! Located in posh area of Bijwasan in Delhi, this house is available for both boys and girls. Go for a private room or opt for a shared one and make it your own abode. Go out with your new friends - catch a movie at the nearest cinema hall or just chill in a cafe which is not even 2 kms away. Unwind with your flatmates after a long day at work/college. With a common living area and a shared kitchen, make your own FRIENDS moments. After all, there\'s always a Joey with unlimited supply of food. Remember, all it needs is one crazy story to convert a roomie into a BFF. What\'s nearby/Your New Neighborhood 4.0 Kms from Dwarka Sector- 21 Metro Station.', 'female', 9500, 3.9, 3.8, 4.9),
    (4, 2, 'PG for Girls Borivali West', 'Plot no.258/D4, Gorai no.2, Borivali West, Mumbai, Maharashtra 400092', 'Furnished studio apartment - share it with close friends! Located in posh area of Bijwasan in Delhi, this house is available for both boys and girls. Go for a private room or opt for a shared one and make it your own abode. Go out with your new friends - catch a movie at the nearest cinema hall or just chill in a cafe which is not even 2 kms away. Unwind with your flatmates after a long day at work/college. With a common living area and a shared kitchen, make your own FRIENDS moments. After all, there\'s always a Joey with unlimited supply of food. Remember, all it needs is one crazy story to convert a roomie into a BFF. What\'s nearby/Your New Neighborhood 4.0 Kms from Dwarka Sector- 21 Metro Station.', 'female', 8000, 4.2, 4.1, 4.5),
    (5, 2, 'Ganpati Paying Guest', 'Police Beat, Sainath Complex, Besides, SV Rd, Daulat Nagar, Borivali East, Mumbai - 400066', 'Furnished studio apartment - share it with close friends! Located in posh area of Bijwasan in Delhi, this house is available for both boys and girls. Go for a private room or opt for a shared one and make it your own abode. Go out with your new friends - catch a movie at the nearest cinema hall or just chill in a cafe which is not even 2 kms away. Unwind with your flatmates after a long day at work/college. With a common living area and a shared kitchen, make your own FRIENDS moments. After all, there\'s always a Joey with unlimited supply of food. Remember, all it needs is one crazy story to convert a roomie into a BFF. What\'s nearby/Your New Neighborhood 4.0 Kms from Dwarka Sector- 21 Metro Station.', 'male', 8500, 4.2, 3.9, 4.6);

INSERT INTO 
  `testimonials` 
    (`id`, `property_id`, `user_name`, `content`) 
  VALUES
    (1, 1, 'Ashutosh Gowariker', 'You just have to arrive at the place, it\'s fully furnished and stocked with all basic amenities and services and even your friends are welcome.'),
    (2, 1, 'Karan Johar', 'You just have to arrive at the place, it\'s fully furnished and stocked with all basic amenities and services and even your friends are welcome.'),
    (3, 2, 'Zoya Akhtar', 'You just have to arrive at the place, it\'s fully furnished and stocked with all basic amenities and services and even your friends are welcome.'),
    (4, 2, 'Farhan Akhtar', 'You just have to arrive at the place, it\'s fully furnished and stocked with all basic amenities and services and even your friends are welcome.'),
    (5, 2, 'Anurag Kashyap', 'You just have to arrive at the place, it\'s fully furnished and stocked with all basic amenities and services and even your friends are welcome.'),
    (6, 3, 'Mira Nair', 'You just have to arrive at the place, it\'s fully furnished and stocked with all basic amenities and services and even your friends are welcome.'),
    (7, 3, 'Meghna Gulzar', 'You just have to arrive at the place, it\'s fully furnished and stocked with all basic amenities and services and even your friends are welcome.'),
    (8, 4, 'Farah Khan', 'You just have to arrive at the place, it\'s fully furnished and stocked with all basic amenities and services and even your friends are welcome.'),
    (9, 5, 'Rajkumar Hirani', 'You just have to arrive at the place, it\'s fully furnished and stocked with all basic amenities and services and even your friends are welcome.'),
    (10, 5, 'Sanjay Leela Bhansali', 'You just have to arrive at the place, it\'s fully furnished and stocked with all basic amenities and services and even your friends are welcome.');

INSERT INTO 
  `users` 
    (`id`, `email`, `password`, `full_name`, `phone`, `gender`, `college_name`) 
  VALUES
    (1, 'anuj.kalbalia@gmail.com', 'b1b3773a05c0ed0176787a4f1574ff0075f7521e', 'Anuj Kalbalia', '9535100112', 'male', 'NITD'),
    (2, 'shadab@gmail.com', 'b1b3773a05c0ed0176787a4f1574ff0075f7521e', 'Shadab Alam', '9876543210', 'male', 'NITJ'),
    (3, 'aditya@gmail.com', 'b1b3773a05c0ed0176787a4f1574ff0075f7521e', 'Aditya Sood', '9876543210', 'male', 'Chandigarh University'),
    (4, 'radhika@gmail.com', 'b1b3773a05c0ed0176787a4f1574ff0075f7521e', 'Radhika Bhatia', '9876543210', 'female', 'Delhi University');

INSERT INTO 
  `interested_users_properties` 
    (`id`, `user_id`, `property_id`) 
  VALUES
    (1, 1, 1),
    (2, 1, 2),
    (3, 1, 5),
    (4, 2, 1),
    (5, 2, 5),
    (6, 3, 1),
    (7, 3, 2),
    (8, 3, 5),
    (9, 4, 2),
    (10, 4, 3),
    (11, 4, 4);

INSERT INTO 
  `amenities` 
    (`id`, `name`, `type`, `icon`) 
  VALUES
    (1, 'Wifi', 'Common Area', 'wifi'),
    (2, 'Power Backup', 'Building', 'powerbackup'),
    (3, 'Fire Extinguisher', 'Building', 'fireext'),
    (4, 'TV', 'Common Area', 'tv'),
    (5, 'Bed with Mattress', 'Bedroom', 'bed'),
    (6, 'Parking', 'Building', 'parking'),
    (7, 'Water Purifier', 'Common Area', 'rowater'),
    (8, 'Dining', 'Common Area', 'dining'),
    (9, 'Air Conditioner', 'Bedroom', 'ac'),
    (10, 'Washing Machine', 'Common Area', 'washingmachine'),
    (11, 'Lift', 'Building', 'lift'),
    (12, 'CCTV', 'Building', 'cctv'),
    (13, 'Geyser', 'Washroom', 'geyser');


INSERT INTO 
  `properties_amenities` 
    (`id`, `property_id`, `amenity_id`) 
  VALUES
    (1, 1, 1),
    (2, 1, 2),
    (3, 1, 4),
    (4, 1, 5),
    (5, 1, 7),
    (6, 1, 8),
    (7, 1, 9),
    (8, 1, 10),
    (9, 1, 11),
    (10, 1, 13),
    (11, 2, 1),
    (12, 2, 2),
    (13, 2, 3),
    (14, 2, 4),
    (15, 2, 5),
    (16, 2, 7),
    (17, 2, 8),
    (18, 2, 9),
    (19, 2, 10),
    (20, 2, 11),
    (21, 2, 13),
    (22, 3, 1),
    (23, 3, 2),
    (24, 3, 3),
    (25, 3, 4),
    (26, 3, 5),
    (27, 3, 7),
    (28, 3, 8),
    (29, 3, 10),
    (30, 3, 11),
    (31, 3, 12),
    (32, 3, 13),
    (33, 4, 1),
    (34, 4, 3),
    (35, 4, 4),
    (36, 4, 5),
    (37, 4, 7),
    (38, 4, 8),
    (39, 4, 10),
    (40, 4, 11),
    (41, 4, 12),
    (42, 4, 13),
    (43, 5, 1),
    (44, 5, 3),
    (45, 5, 4),
    (46, 5, 5),
    (47, 5, 7),
    (48, 5, 8),
    (49, 5, 10),
    (50, 5, 11),
    (51, 5, 12),
    (52, 5, 13),
    (53, 6, 1),
    (54, 6, 3),
    (55, 6, 4),
    (56, 6, 5),
    (57, 6, 7),
    (58, 6, 8),
    (59, 6, 10),
    (60, 6, 11),
    (61, 6, 12),
    (62, 6, 13),
    (63, 7, 1),
    (64, 7, 3),
    (65, 7, 4),
    (66, 7, 5),
    (67, 7, 7),
    (68, 7, 8),
    (69, 7, 10),
    (70, 7, 11),
    (71, 7, 12),
    (72, 7, 13),
    (73, 8, 1),
    (74, 8, 3),
    (75, 8, 4),
    (76, 8, 5),
    (77, 8, 7),
    (78, 8, 8),
    (79, 8, 10),
    (80, 8, 11),
    (81, 8, 12),
    (82, 8, 13),
    (83, 9, 1),
    (84, 9, 3),
    (85, 9, 4),
    (86, 9, 5),
    (87, 9, 7),
    (88, 9, 8),
    (89, 9, 10),
    (90, 9, 11),
    (91, 9, 12),
    (92, 9, 13),
    (93, 10, 1),
    (94, 10, 3),
    (95, 10, 4),
    (96, 10, 5),
    (97, 10, 7),
    (98, 10, 8),
    (99, 10, 10),
    (100, 10, 11),
    (101, 10, 12),
    (102, 10, 13),
    (103, 11, 1),
    (104, 11, 3),
    (105, 11, 4),
    (106, 11, 5),
    (107, 11, 7),
    (108, 11, 8),
    (109, 11, 10),
    (110, 11, 11),
    (111, 11, 12),
    (112, 11, 13),
    (113, 12, 1),
    (114, 12, 3),
    (115, 12, 4),
    (116, 12, 5),
    (117, 12, 7),
    (118, 12, 8),
    (119, 12, 10),
    (120, 12, 11),
    (121, 12, 12),
    (122, 12, 13),
    (123, 13, 1),
    (124, 13, 3),
    (125, 13, 4),
    (126, 13, 5),
    (127, 13, 7),
    (128, 13, 8),
    (129, 13, 10),
    (130, 13, 11),
    (131, 13, 12),
    (132, 13, 13),
    (133, 14, 1),
    (134, 14, 3),
    (135, 14, 4),
    (136, 14, 5),
    (137, 14, 7),
    (138, 14, 8),
    (139, 14, 10),
    (140, 14, 11),
    (141, 14, 12),
    (142, 14, 13),
    (143, 15, 1),
    (144, 15, 3),
    (145, 15, 4),
    (146, 15, 5),
    (147, 15, 7),
    (148, 15, 8),
    (149, 15, 10),
    (150, 15, 11),
    (151, 15, 12),
    (152, 15, 13),
    (153, 16, 1),
    (154, 16, 3),
    (155, 16, 4),
    (156, 16, 5),
    (157, 16, 7),
    (158, 16, 8),
    (159, 16, 10),
    (160, 16, 11),
    (161, 16, 12),
    (162, 16, 13),
    (163, 17, 1),
    (164, 17, 3),
    (165, 17, 4),
    (166, 17, 5),
    (167, 17, 7),
    (168, 17, 8),
    (169, 17, 10),
    (170, 17, 11),
    (171, 17, 12),
    (172, 17, 13),
    (173, 18, 1),
    (174, 18, 3),
    (175, 18, 4),
    (176, 18, 5),
    (177, 18, 7),
    (178, 18, 8),
    (179, 18, 10),
    (180, 18, 11),
    (181, 18, 12),
    (182, 18, 13),
    (183, 19, 1),
    (184, 19, 3),
    (185, 19, 4),
    (186, 19, 5),
    (187, 19, 7),
    (188, 19, 8),
    (189, 19, 10),
    (190, 19, 11),
    (191, 19, 12),
    (192, 19, 13),
    (193, 20, 1),
    (194, 20, 3),
    (195, 20, 4),
    (196, 20, 5),
    (197, 20, 7),
    (198, 20, 8),
    (199, 20, 10),
    (200, 20, 11),
    (201, 20, 12),
    (202, 20, 13),
    (203, 21, 1),
    (204, 21, 3),
    (205, 21, 4),
    (206, 21, 5),
    (207, 21, 6),
    (208, 21, 7),
    (209, 21, 8),
    (210, 21, 10),
    (211, 21, 11),
    (212, 21, 12),
    (213, 21, 13),
    (214, 22, 1),
    (215, 22, 3),
    (216, 22, 4),
    (217, 22, 5),
    (218, 22, 7),
    (219, 22, 8),
    (220, 22, 10),
    (221, 22, 11),
    (222, 22, 12),
    (223, 22, 13),
    (224, 22, 9),
    (225, 23, 1),
    (226, 23, 3),
    (227, 23, 4),
    (228, 23, 5),
    (229, 23, 7),
    (230, 23, 8),
    (231, 23, 10),
    (232, 23, 11),
    (233, 23, 12),
    (234, 23, 13),
    (235, 24, 1),
    (236, 24, 3),
    (237, 24, 4),
    (238, 24, 5),
    (239, 24, 7),
    (240, 24, 8),
    (241, 24, 10),
    (242, 24, 11),
    (243, 24, 12),
    (244, 24, 13),
    (245, 25, 1),
    (246, 25, 3),
    (247, 25, 4),
    (248, 25, 5),
    (249, 25, 7),
    (250, 25, 8),
    (251, 25, 9),
    (252, 25, 10),
    (253, 25, 11),
    (254, 25, 12),
    (255, 25, 13),
    (256, 26, 1),
    (257, 26, 3),
    (258, 26, 4),
    (259, 26, 5),
    (260, 26, 7),
    (261, 26, 8),
    (262, 26, 10),
    (263, 26, 11),
    (264, 26, 12),
    (265, 26, 13),
    (266, 27, 1),
    (267, 27, 3),
    (268, 27, 4),
    (269, 27, 5),
    (270, 27, 7),
    (271, 27, 8),
    (272, 27, 10),
    (273, 27, 11),
    (274, 27, 12),
    (275, 27, 13),
    (276, 28, 1),
    (277, 28, 2),
    (278, 28, 3),
    (279, 28, 4),
    (280, 28, 5),
    (281, 28, 6),
    (282, 28, 7),
    (283, 28, 8),
    (284, 28, 9),
    (285, 28, 10),
    (286, 28, 11),
    (287, 28, 12),
    (288, 28, 13),
    (289, 29, 1),
    (290, 29, 2),
    (291, 29, 3),
    (292, 29, 4),
    (293, 29, 5),
    (294, 29, 6),
    (295, 29, 7),
    (296, 29, 8),
    (297, 29, 9),
    (298, 29, 10),
    (299, 29, 12),
    (300, 29, 13),
    (301, 30, 1),
    (302, 30, 3),
    (303, 30, 4),
    (304, 30, 5),
    (305, 30, 7),
    (306, 30, 8),
    (307, 30, 10),
    (308, 30, 11),
    (309, 30, 12),
    (310, 30, 13),
    (311, 31, 1),
    (312, 31, 2),
    (313, 31, 3),
    (314, 31, 4),
    (315, 31, 5),
    (316, 31, 7),
    (317, 31, 8),
    (318, 31, 10),
    (319, 31, 11),
    (320, 31, 12),
    (321, 31, 13),
    (322, 32, 1),
    (323, 32, 2),
    (324, 32, 3),
    (325, 32, 4),
    (326, 32, 5),
    (327, 32, 7),
    (328, 32, 8),
    (329, 32, 10),
    (330, 32, 11),
    (331, 32, 12),
    (332, 32, 13),
    (333, 33, 1),
    (334, 33, 3),
    (335, 33, 4),
    (336, 33, 5),
    (337, 33, 7),
    (338, 33, 8),
    (338, 33, 10),
    (339, 33, 11),
    (340, 33, 12),
    (341, 33, 13),
    (342, 34, 1),
    (343, 34, 3),
    (344, 34, 4),
    (345, 34, 5),
    (346, 34, 6),
    (347, 34, 7),
    (348, 34, 8),
    (349, 34, 10),
    (350, 34, 11),
    (351, 34, 12),
    (352, 34, 13),
    (353, 35, 1),
    (354, 35, 2),
    (354, 35, 3),
    (355, 35, 4),
    (356, 35, 5),
    (357, 35, 7),
    (358, 35, 8),
    (359, 35, 9),
    (360, 35, 10),
    (361, 35, 11),
    (362, 35, 12),
    (363, 36, 1),
    (364, 36, 2),
    (365, 36, 3),
    (366, 36, 4),
    (367, 36, 5),
    (368, 36, 7),
    (369, 36, 8),
    (370, 36, 10),
    (371, 36, 11),
    (372, 36, 12),
    (373, 36, 13),
    (374, 37, 1),
    (375, 37, 3),
    (376, 37, 4),
    (377, 37, 5),
    (378, 37, 7),
    (379, 37, 8),
    (380, 37, 10),
    (381, 37, 11),
    (382, 37, 12),
    (383, 37, 13),
    (384, 38, 1),
    (385, 38, 3),
    (386, 38, 4),
    (387, 38, 5),
    (388, 38, 7),
    (389, 38, 8),
    (390, 38, 10),
    (391, 38, 11),
    (392, 38, 12),
    (393, 38, 13),
    (394, 39, 1),
    (395, 39, 2),
    (396, 39, 3),
    (397, 39, 4),
    (398, 39, 5),
    (399, 39, 7),
    (400, 39, 8),
    (401, 39, 9),
    (402, 39, 10),
    (403, 39, 11),
    (404, 39, 12),
    (405, 39, 13),
    (406, 40, 1),
    (407, 40, 3),
    (408, 40, 4),
    (409, 40, 5),
    (410, 40, 7),
    (411, 40, 8),
    (412, 40, 10),
    (413, 40, 11),
    (414, 40, 12),
    (415, 40, 13),
    (416, 41, 1),
    (417, 41, 3),
    (418, 41, 4),
    (419, 41, 5),
    (420, 41, 7),
    (421, 41, 8),
    (422, 41, 9),
    (423, 41, 10),
    (424, 41, 11),
    (425, 41, 12),
    (426, 41, 13),
    (427, 42, 1),
    (428, 42, 3),
    (429, 42, 4),
    (430, 42, 5),
    (431, 42, 7),
    (432, 42, 8),
    (433, 42, 10),
    (434, 42, 11),
    (435, 42, 12),
    (436, 42, 13),
    (437, 43, 1),
    (438, 43, 2),
    (439, 43, 3),
    (440, 43, 4),
    (441, 43, 5),
    (442, 43, 6),
    (443, 43, 7),
    (444, 43, 8),
    (445, 43, 9),
    (446, 43, 10),
    (447, 43, 11),
    (448, 43, 12),
    (449, 43, 13),
    (450, 44, 1),
    (451, 44, 3),
    (452, 44, 4),
    (453, 44, 5),
    (454, 44, 7),
    (455, 44, 8),
    (456, 44, 10),
    (457, 44, 11),
    (458, 44, 12),
    (459, 44, 13),
    (460, 45, 1),
    (461, 45, 2),
    (462, 45, 3),
    (463, 45, 4),
    (464, 45, 5),
    (465, 45, 6),
    (466, 45, 7)
    (467, 45, 8),
    (468, 45, 9),
    (469, 45, 10),
    (470, 45, 11),
    (471, 45, 12),
    (472, 45, 13),
    (473, 46, 1),
    (474, 46, 3),
    (475, 46, 4),
    (476, 46, 5),
    (477, 46, 7),
    (478, 46, 8),
    (479, 46, 10),
    (480, 46, 11),
    (481, 46, 12),
    (482, 46, 13),
    (483, 47, 1),
    (484, 47, 2),
    (485, 47, 3),
    (486, 47, 5),
    (487, 47, 6),
    (488, 47, 7),
    (489, 47, 8),
    (490, 47, 10),
    (491, 47, 11),
    (492, 47, 12),
    (493, 47, 13),
    (494, 48, 1),
    (495, 48, 3),
    (496, 48, 4),
    (497, 48, 5),
    (498, 48, 7),
    (499, 48, 8),
    (500, 48, 10),
    (501, 48, 11),
    (502, 48, 12),
    (503, 48, 13),
    (504, 49, 1),
    (505, 49, 3),
    (506, 49, 4),
    (507, 49, 5),
    (508, 49, 6),
    (509, 49, 7),
    (510, 49, 8),
    (511, 49, 9),
    (512, 49, 10),
    (513, 49, 11),
    (514, 49, 12),
    (515, 49, 13),
    (516, 50, 1),
    (517, 50, 3),
    (518, 50, 4),
    (519, 50, 5),
    (520, 50, 7),
    (521, 50, 8),
    (522, 50, 10),
    (523, 50, 11),
    (524, 50, 12),
    (525, 50, 13);